{
    "camera_data": {
        "width": 500,
        "height": 500,
        "camera_look_at": {
            "at": [
                -0.0,
                1.0,
                -7.549790126404332e-08
            ],
            "eye": [
                -0.0,
                25.0,
                -0.0
            ],
            "up": [
                1.0,
                0.0,
                0.0
            ]
        },
        "intrinsics": {
            "fx": 603.5535070631239,
            "fy": 603.5535070631239,
            "cx": 0.0,
            "cy": 0.0
        }
    },
    "objects": [
        {
            "class": "coffee_box",
            "name": "coffee_box_000",
            "visibility": 34752,
            "projected_cuboid": [
                [
                    322.6124660064502,
                    71.67518035418564
                ],
                [
                    265.77988400555387,
                    -29.9272222212374
                ],
                [
                    54.85673882831787,
                    117.79939327979963
                ],
                [
                    111.57738407898893,
                    195.32228645681303
                ],
                [
                    307.41132175977214,
                    100.7806520377462
                ],
                [
                    238.3295735698845,
                    -18.80876499460743
                ],
                [
                    0.14350286150249758,
                    149.68999801507283
                ],
                [
                    68.11846438560181,
                    237.02260759417393
                ]
            ],
            "location": [
                -10.520684464733169,
                13.417756979228612,
                -63.37065199962933
            ],
            "quaternion_xyzw": [
                -0.02588139303642516,
                0.5353781033442973,
                0.3216297546443884,
                0.7805477185165212
            ]
        },
        {
            "class": "coffee_box",
            "name": "coffee_box_001",
            "visibility": 41518,
            "projected_cuboid": [
                [
                    165.08412688929673,
                    500.0456900397438
                ],
                [
                    235.76902255351774,
                    410.63516639058514
                ],
                [
                    -17.968757333241683,
                    178.16366200979243
                ],
                [
                    -63.30964210909099,
                    273.53774562835656
                ],
                [
                    78.96628111679814,
                    588.9567164021805
                ],
                [
                    160.3506757893403,
                    483.8595083032791
                ],
                [
                    -143.1122827792663,
                    184.61522593190705
                ],
                [
                    -187.94402657788345,
                    300.44374566922136
                ]
            ],
            "location": [
                -19.564576344308918,
                -7.862097499381236,
                -47.592846561922315
            ],
            "quaternion_xyzw": [
                0.31784313556213994,
                0.5407754866609586,
                -0.12716956720334038,
                0.7683524681940859
            ]
        },
        {
            "class": "coffee_box",
            "name": "coffee_box_002",
            "visibility": 13470,
            "projected_cuboid": [
                [
                    264.34787280474217,
                    151.15508851500988
                ],
                [
                    290.61937159833724,
                    145.51206008747658
                ],
                [
                    65.07455268758312,
                    268.60360260504467
                ],
                [
                    67.9578646800552,
                    257.72774894587343
                ],
                [
                    299.88028603054397,
                    222.5605909082017
                ],
                [
                    330.3992467640226,
                    227.2863652489993
                ],
                [
                    115.59695984519871,
                    352.6149266807568
                ],
                [
                    111.65729340402865,
                    330.8528034694257
                ]
            ],
            "location": [
                -7.749252656432436,
                -0.6632779025278258,
                -79.02166634287211
            ],
            "quaternion_xyzw": [
                0.45399384071479904,
                0.6204464765807729,
                0.5845396559661746,
                0.25932441630990616
            ]
        },
        {
            "class": "coffee_box",
            "name": "coffee_box_003",
            "visibility": 29936,
            "projected_cuboid": [
                [
                    303.72446491073964,
                    177.06584677390194
                ],
                [
                    285.1509937567552,
                    84.21091584866116
                ],
                [
                    425.4797799072791,
                    209.1502003737006
                ],
                [
                    450.25042588902505,
                    285.51897152734193
                ],
                [
                    206.46597549118655,
                    233.96135074997323
                ],
                [
                    198.74814408628745,
                    144.1866278799688
                ],
                [
                    350.9272681454229,
                    245.70068271714675
                ],
                [
                    368.1896871364663,
                    319.23836113295823
                ]
            ],
            "location": [
                9.71795264292405,
                2.309724110719876,
                -70.14455088629083
            ],
            "quaternion_xyzw": [
                -0.24018203233591204,
                -0.3147129840108508,
                0.14333965864626652,
                0.9070402809672496
            ]
        },
        {
            "class": "coffee_box",
            "name": "coffee_box_004",
            "visibility": 1221,
            "projected_cuboid": [
                [
                    287.5045991388803,
                    142.29070247942497
                ],
                [
                    238.67244960368706,
                    149.18512771402732
                ],
                [
                    146.01395272513633,
                    135.91783679433433
                ],
                [
                    191.36280223106624,
                    130.89454693847583
                ],
                [
                    287.9707340060151,
                    204.2703146339621
                ],
                [
                    240.74943038173546,
                    214.98221724777926
                ],
                [
                    150.20012432422465,
                    190.53598006991015
                ],
                [
                    194.18669040189687,
                    182.85319099764806
                ]
            ],
            "location": [
                -7.919367884498424,
                15.560021352413111,
                -121.54654016967015
            ],
            "quaternion_xyzw": [
                0.33436007756344227,
                0.1402512825343011,
                0.702494665839842,
                0.6124003271927766
            ]
        }
    ]
}